Player,Control,Defense,Impact,Offense,Scoring
Steven Adams,2.0,109.12755672944543,0.06844709711555859,124.13605164566734,0.610899963411211
Bam Adebayo,1.3823529411764706,106.155650534117,0.09536483268958926,114.40174550623918,0.5587022743257315
LaMarcus Aldridge,1.5,109.15367376949233,0.07942335378729172,114.4561417699197,0.5431903148748375
Nickeil Alexander-Walker,1.6956521739130435,108.40059547179857,0.015396906987733222,88.45627773426062,0.365310028632162
Grayson Allen,1.2666666666666666,112.01651183493856,0.01724046713334186,99.03383313686159,0.42087279059114074
Jarrett Allen,0.9642857142857143,104.44101970454439,0.08193548636564371,131.8128830058843,0.6535609385385136
Kadeem Allen,2.0,115.71296305272787,0.0017870623644153805,132.1940816145371,0.4586119228042519
Al-Farouq Aminu,1.2352941176470589,111.38536446122868,0.018797118172373194,88.0152312564646,0.39744024500779396
Kyle Anderson,2.933333333333333,108.00791026271781,0.03219742868610864,112.08731212892155,0.5381567550605508
Ryan Anderson,2.0,95.45729639944895,0.0017615683684335949,79.41341274905523,0.3209139737832395
Giannis Antetokounmpo,1.4615384615384615,99.28007091259575,0.14489180979972535,117.93382307216312,0.565571366973729
Kostas Antetokounmpo,0.0,108.7161120042567,0.00020784260758218204,0.0,0.0
Thanasis Antetokounmpo,2.0,113.4955581676163,0.0017176853323537871,120.16392049439708,0.5923088353417459
Carmelo Anthony,0.7142857142857143,107.78149146666371,0.021267651494787036,96.99174070234014,0.43449324020453806
OG Anunoby,1.6,108.61475412016831,0.057036863234025986,115.33589486817756,0.5039828749904182
Ryan Arcidiacono,2.411764705882353,110.76708423134086,0.014770766610833114,108.40658937793114,0.43840789965544436
Trevor Ariza,1.5833333333333333,112.15235484390135,0.02082491840384403,101.89087994166935,0.39758382348029275
D.J. Augustin,3.303030303030303,117.44548567805043,0.049777553678691966,108.28666041436816,0.47282922732782257
Deandre Ayton,0.0,100.94347894776277,0.0051690901285247745,129.60746610771506,0.6350037902118802
Dwayne Bacon,1.263157894736842,109.43485719916026,0.011376075791493136,81.79707392804117,0.3766159671315807
Marvin Bagley,0.0,109.70328365845047,0.0022481446004149804,87.97165220609662,0.44098178160392865
Lonzo Ball,2.142857142857143,107.35931882840731,0.03724692940414876,100.23924073362699,0.41143812760566195
Mo Bamba,0.34615384615384615,107.38913731859479,0.0216979080137888,88.61984227355713,0.38970492016754155
J.J. Barea,3.4,112.79038891749667,0.010310495336633876,117.92158212236615,0.47869953026599793
Harrison Barnes,1.4324324324324325,115.68798067396412,0.07821176741443694,115.03433592545586,0.5202331744493975
RJ Barrett,1.3333333333333333,112.97285500575799,0.0476124472804955,92.15276126655834,0.4389584548375117
Will Barton,2.5833333333333335,116.5100824076856,0.062173853106556265,112.15944206636365,0.4914558663925757
Keita Bates-Diop,1.6,110.78979312752017,0.019164249866203124,125.79172815437646,0.525242364058143
Nicolas Batum,2.210526315789474,107.77702971545487,0.018884285813878604,104.12301252027818,0.42704635128971086
Aron Baynes,2.6,109.88583073639163,0.03937306948961424,129.24860532145485,0.5661533867086407
Kent Bazemore,1.1764705882352942,105.31565597339082,0.027828948232540486,93.8080840939667,0.3940512916192228
Darius Bazley,0.6666666666666666,111.19702579674276,0.022929209979009674,89.74647518714787,0.38617598501430705
Bradley Beal,1.9870129870129871,113.1296903346429,0.10315019264423153,111.89348779697634,0.49736649736250843
Malik Beasley,1.125,119.66689863749102,0.013195597886859929,91.58183189434577,0.37332757142956224
Marco Belinelli,3.5555555555555554,114.32270065543287,0.015175731476790749,93.7896731003033,0.3921703295815624
Jordan Bell,0.5714285714285714,107.38493536760883,0.011385819038155979,98.99188091097528,0.49279022215653157
DeAndre' Bembry,1.8,107.55087831308694,0.04372753050603512,102.09994265874192,0.4852349348838478
Dragan Bender,3.0,107.40109838679581,0.002424967528028876,158.77575860273262,0.6775319772043038
Dāvis Bertāns,2.5,111.77036988724632,0.060998005812318526,127.93379911173443,0.4856445906002595
Patrick Beverley,2.2058823529411766,102.90126386461563,0.041126706210682575,106.37277351435101,0.45250329547553686
Khem Birch,1.4545454545454546,113.19770653709217,0.0160123599246142,110.57956975762876,0.5480056426001636
Goga Bitadze,1.4,107.27777646737425,0.013103063175384344,109.78062184692165,0.5134583954069959
Bismack Biyombo,1.2666666666666666,108.21854544301318,0.03344566282698982,119.17504772516453,0.5982919859859552
Nemanja Bjelica,1.5897435897435896,110.95796716503737,0.06436792961188154,114.23218836433249,0.48042907084691017
Eric Bledsoe,2.4909090909090907,105.95632319947207,0.06880845360781933,112.22851818618363,0.5074258025990891
Bogdan Bogdanović,2.4054054054054053,114.39052784038053,0.05348217680987216,106.11277872157436,0.4410005644649964
Bojan Bogdanović,0.7419354838709677,111.19860019273362,0.0746052286912561,107.89234420831053,0.45110548446133747
Jonah Bolden,0.0,96.74176510626673,0.0,45.83536557475089,0.22917682787375443
Jordan Bone,0.0,117.72599963814565,-0.0006669928990766242,51.32413033707086,0.25662065168535425
Isaac Bonga,2.5555555555555554,110.09380163711083,0.014719811274636285,118.81367204282768,0.5458572960598415
Devin Booker,1.6,113.31194049064973,0.10140215103191154,114.89171981268848,0.504731004677419
Chris Boucher,1.25,107.362491977861,0.023453381986192144,120.95204175739082,0.5477139040932852
Brian Bowen,0.0,109.15717045302083,0.00011010977458306175,54.65582908658767,0.27327914543293835
Ky Bowman,2.2580645161290325,109.31443072508615,0.041826351872446356,107.37047934044631,0.46674716359412227
Avery Bradley,1.6363636363636365,110.8448302770782,0.014756825138334928,106.3373315564115,0.48550926690228124
Tony Bradley,0.625,106.19493647990265,0.017669659426876445,124.86521556118262,0.6088406393706675
Jarrell Brantley,1.0,91.28145932716306,0.0009239037608824286,45.73820391438866,0.19760997971595667
Ignas Brazdeikis,0.5,119.9006533433186,-0.00012764731174395576,73.90217927197293,0.3420057692682747
Mikal Bridges,1.368421052631579,106.41204507732864,0.03772335987412761,114.88578395273618,0.5253040727703676
Miles Bridges,1.0731707317073171,110.49227451938765,0.05699413971538061,105.49335612407958,0.45872285081653946
Oshae Brissett,1.0,111.92284164792679,0.0006606586474983705,82.71465720959816,0.29086252385124556
Ryan Broekhoff,3.0,108.7823066500569,0.0031888129907115086,138.14288971923025,0.4819495978137874
Malcolm Brogdon,2.5689655172413794,110.71584556451019,0.08324298958479466,114.42205210521271,0.5106616964640354
Dillon Brooks,1.6071428571428572,110.93686901274171,0.03470928482474124,101.31275979667903,0.4417772285839086
Bruce Brown,2.0,109.77781568866835,0.036351112999676014,97.91364126764353,0.45202593209189684
Charlie Brown,0.0,113.49284015223552,0.001782372167365561,168.87530176026326,0.6558709966615918
Jaylen Brown,1.1935483870967742,113.93574050268954,0.07035293642330502,113.7491361659024,0.5131461148521855
Moses Brown,0.0,96.26721469469311,0.0013575096698800239,94.88998016490525,0.48664805689284907
Sterling Brown,1.4375,103.6753058546611,0.021723667438592012,105.84803177809003,0.44629676804398144
Troy Brown,2.3529411764705883,106.94868600495784,0.038360720291476386,110.02160105084174,0.5083527758674647
Jalen Brunson,2.95,112.1332836033263,0.035183236664183645,118.12024602562475,0.5358043482428168
Thomas Bryant,2.0,108.62798152512984,0.06311676652609195,121.69452833712509,0.5737964139326227
Trey Burke,7.75,111.27601215259017,0.014103522317277609,118.4139018783623,0.5349831127241564
Alec Burks,2.03125,108.4609282716078,0.06150272708125847,111.31784979977475,0.48964603904142245
Deonte Burton,1.0,113.8318480249319,0.005221503262546758,95.18234731167104,0.4093752617092998
Jimmy Butler,2.63265306122449,108.2232657650843,0.09369176544942104,121.82036370401363,0.5523461969825036
Bruno Caboclo,1.1428571428571428,105.98307421946073,0.011075002065789147,99.18807671731416,0.4584333019833975
Kentavious Caldwell-Pope,2.1,111.8383615846884,0.03044894201078967,110.62437115961396,0.47595080890896085
Vlatko Čančar,0.0,126.463961294805,0.0,0.0,0.0
Clint Capela,0.5588235294117647,101.54020384725607,0.08290381133940604,122.3919448018768,0.6027079029666594
DeMarre Carroll,1.1111111111111112,110.44917649926717,0.0038770116911509217,88.6976657494618,0.4014205619777279
Jevon Carter,1.8666666666666667,107.67249029157661,0.012977715641828159,100.29628787565045,0.39671232538272005
Vince Carter,1.2727272727272727,111.79328793989386,0.011169532248824183,93.2579492345523,0.38698349255104103
Wendell Carter,0.631578947368421,106.46965529830331,0.06955053884471024,120.2644737642671,0.5861975752160287
Michael Carter-Williams,1.6923076923076923,109.8727974644423,0.012763475302228705,94.76792393544416,0.43451764058837505
Alex Caruso,1.9130434782608696,108.43298169777157,0.023901899871950936,102.05420026617516,0.45169760872028136
Willie Cauley-Stein,1.6666666666666667,102.22993677407848,0.049472029096441925,114.12011821155801,0.5606114799673676
Tyson Chandler,1.0,105.32419483874705,0.01034921416454737,139.8227772131685,0.6695909498623547
Zylan Cheatham,1.0,111.12678532106787,-0.00022642510276078265,53.13554969660916,0.25600653247816185
Chris Chiozza,3.4285714285714284,106.42472458021514,0.004683576314657,80.82743811553237,0.3342483878755171
Marquese Chriss,1.3142857142857143,104.16160252605317,0.040589551145035305,107.2269588875405,0.5027393153286795
Gary Clark,5.0,109.0630630592538,0.006495783358598879,126.15722385928714,0.48164157186957024
Brandon Clarke,1.2105263157894737,107.27670954026286,0.054689958654773184,124.73372250898774,0.5850022588898873
Jordan Clarkson,1.75,115.53805802119176,0.05310842299460105,111.40618120935704,0.4746293693151951
Nicolas Claxton,1.8333333333333333,111.07861140207856,0.005989766589488439,106.32424288016504,0.5275126668863215
Chris Clemons,1.0,111.26826204609469,0.0070462734737343794,108.83595617416887,0.4083908616784445
John Collins,1.1428571428571428,105.46388589280704,0.01996256827449429,119.34345163117322,0.5387708361868884
Zach Collins,1.0,111.81505256716045,0.003846277397993402,111.95043986130794,0.47607078381176077
Mike Conley,2.1818181818181817,111.51557040805395,0.04619518804412143,101.51020523841726,0.43714064019081245
Pat Connaughton,3.230769230769231,105.3172925005863,0.03536410978375443,123.99876103807979,0.5333765001624028
Quinn Cook,1.875,112.96574919892113,0.015068589049708201,97.69055003911102,0.43035961695093056
Tyler Cook,0.0,110.87663436041015,0.0032738068969274618,153.99431142100346,0.7246826406147024
Robert Covington,0.7058823529411765,106.0730020608215,0.05185620552031436,112.29810808715568,0.4629371597179968
Allen Crabbe,2.0,111.32971462122156,0.012714254793874336,101.59854686404822,0.42766909794475444
Torrey Craig,3.0,114.53022520037372,0.006657238573550957,94.0926111079692,0.4285061207628432
Jae Crowder,1.9375,109.83103648573544,0.05480413393380196,104.41648132207787,0.4304680425457709
Jarrett Culver,1.7419354838709677,109.29537300063463,0.02660448804955258,93.66737117636139,0.42698580272806663
Seth Curry,2.125,113.0941790238352,0.02678602912197667,119.35630274108289,0.4813736391096374
Stephen Curry,1.7333333333333334,106.85284589900755,0.015066481588461855,105.67513736971567,0.4504660664587808
Troy Daniels,1.1666666666666667,112.23754012851022,0.011119579505646739,99.21612971244467,0.37937881922778677
Anthony Davis,1.4423076923076923,103.03082645634274,0.12688791192892215,121.45832282637124,0.5629976730483368
Ed Davis,0.5555555555555556,103.25849016467478,0.0069292782066182135,92.70527225627757,0.4482494310838432
Terence Davis,2.388888888888889,111.42777741540779,0.032372273727420145,120.5702826127117,0.4994881598167299
Dewayne Dedmon,0.25806451612903225,110.66035700693875,0.01218731020224963,86.11082798783025,0.38150619868735947
Matthew Dellavedova,3.066666666666667,114.87653590689187,0.009578916476195166,89.21595435909813,0.39537710135289383
DeMar DeRozan,1.88135593220339,110.50162777132259,0.09338059587543503,111.31223195814559,0.5367646333934035
Cheick Diallo,1.125,109.29090682807288,0.02375581846300748,135.90710817432827,0.6460590995848879
Hamidou Diallo,0.7142857142857143,108.2722595221065,0.017707706716462913,99.63755893851838,0.4871532778948175
Gorgui Dieng,1.5384615384615385,99.59863071984368,0.025026255707629966,105.39010117009204,0.47566201555961835
Spencer Dinwiddie,2.2903225806451615,111.08590847944942,0.07549366192034482,111.8287604347164,0.49485962345046136
Donte DiVincenzo,1.391304347826087,102.1955244686662,0.0354651500974223,107.32114424977402,0.45862931269412616
Luka Dončić,2.0095238095238095,107.05544046507387,0.14838609783444218,119.83241928366532,0.5272374774985461
Luguentz Dort,0.0,115.45922497678727,-0.0006810656429408813,73.95653852622345,0.3829324255692832
Damyean Dotson,1.7272727272727273,115.67890058899589,0.020551217190776877,103.88736581500595,0.4378322070988434
Sekou Doumbouya,0.0,112.72423250350299,0.00022233096635887472,88.9968331846385,0.4449841659231925
Goran Dragić,1.9148936170212767,114.1355685293177,0.05219969789324885,110.67625611732367,0.4836764193317492
Andre Drummond,0.8275862068965517,99.59522701777843,0.11783541217020357,106.64557432533998,0.5210177430187235
Jared Dudley,4.5,108.85727227323191,0.005507829100927824,141.6182550632647,0.5347082756504123
Kris Dunn,2.8076923076923075,102.93267601707721,0.034077437928929935,101.0197619287719,0.46299562073633527
Carsen Edwards,1.4166666666666667,115.7810872848268,0.010148154524593429,91.21349284910787,0.36639923194823193
Henry Ellenson,0.0,118.01938825824044,0.0,0.0,0.0
Wayne Ellington,1.3333333333333333,116.67582653561901,0.009828843004284594,90.5479052881718,0.34009546571434857
Joel Embiid,0.875,103.17894975222016,0.08569773866070976,108.93608722219152,0.5058684670543322
James Ennis,1.4666666666666666,109.8321733994676,0.033159426516958045,124.13623276272575,0.5462779924249238
Drew Eubanks,0.5,109.2250056425631,0.002436978777294864,94.80471421046626,0.45281465400917525
Jacob Evans,1.5,113.84463233205163,0.0028109107441160177,111.12236064956606,0.4318044566944693
Dante Exum,0.7,111.15239388839963,0.002887199252757589,81.77773380718811,0.3648040420247912
Tacko Fall,0.0,99.2631545824311,0.00045609683256599674,63.98968408273834,0.3199484204136917
Derrick Favors,1.3571428571428572,104.37707498560076,0.023661423238501796,120.61574318557295,0.5732400528654261
Terrance Ferguson,1.3571428571428572,116.32022587050157,0.010102473703623074,106.38496505893373,0.4293157217096572
Bruno Fernando,1.1428571428571428,110.53482507172647,0.01996256827449429,109.26369651038198,0.5220147582264566
Yogi Ferrell,2.6923076923076925,116.47572849942716,0.023073063004259008,114.05403648571654,0.5100775478192925
Dorian Finney-Smith,1.0416666666666667,111.87270557434441,0.037734287056752844,116.47178689860559,0.5048151852946728
Bryn Forbes,2.875,114.29701553110729,0.043311759178285995,112.73536686805453,0.46278008627437023
Evan Fournier,1.553191489361702,116.4473157413966,0.07866942049919147,116.04143965347994,0.49571593684141824
De'Aaron Fox,1.7027027027027026,115.3419644472124,0.02721438200502345,100.94699676721957,0.46995256831314397
Melvin Frazier,2.0,123.00087084416778,-0.000580157968283123,57.15337819797145,0.27331030494220443
Tim Frazier,3.1666666666666665,109.30782754705824,0.005335943192612993,88.65112491527053,0.39172482420287286
Markelle Fultz,2.238095238095238,114.36380302320794,0.0543027858313003,105.1074349714248,0.4981187608819564
Wenyen Gabriel,1.0,112.40413843230222,0.0009465872001747288,87.76093427895086,0.42257578920187305
Daniel Gafford,1.0,108.23343356180897,0.013724019370695334,141.49563012744608,0.716933336134745
Danilo Gallinari,1.4838709677419355,113.14860088008808,0.08093330056947474,119.70143559843008,0.4959919052727702
Langston Galloway,1.9473684210526316,113.78606645213453,0.050691460329823426,122.87685714131739,0.48635021062403255
Darius Garland,1.1403508771929824,116.7402995645979,0.028372993106704672,87.99734764030046,0.3746587417759734
Marc Gasol,2.6129032258064515,109.22442575589066,0.040300177497400586,100.54592626643046,0.41591555343550096
Rudy Gay,1.1578947368421053,109.57011782502535,0.05538588130215601,107.44371314004458,0.48512125693478053
Paul George,1.0416666666666667,102.60424216541324,0.057727329811348704,112.6647233391957,0.460086917335967
Taj Gibson,1.7857142857142858,112.39504253140997,0.028848292454134002,115.60974177426112,0.5566302875735436
Harry Giles,1.0,111.89461629036916,0.0014198808002620935,89.31098182843981,0.42802127051643973
Shai Gilgeous-Alexander,1.4081632653061225,113.20492281143997,0.07310104567565462,102.63362491647612,0.4677285064508881
Rudy Gobert,0.6122448979591837,103.22325581964601,0.09735635880298589,123.04409235328578,0.612907511204228
Brandon Goodwin,0.0,118.4407077477419,-0.0009505984892616326,0.0,0.0
Aaron Gordon,2.0357142857142856,114.46071849283251,0.05650738611077618,106.55317002652973,0.4854287257062287
Eric Gordon,0.5833333333333334,112.32280634625104,0.0027524505756774905,84.40557080158125,0.3380352185732684
Devonte' Graham,2.5194805194805197,112.46180781778743,0.0916911708794347,113.38384219840859,0.4657546802783136
Treveon Graham,1.7692307692307692,111.10889440408032,0.016345977827055613,96.38289911328644,0.4287898191311592
Jerami Grant,1.1666666666666667,118.16394263990954,0.03316731360751281,104.05631203265932,0.46393088785849873
Josh Gray,0.4,114.19287023747027,-0.000339637654141174,47.15158972590565,0.21852982286549774
Danny Green,1.2608695652173914,107.45286425807944,0.03522932198517987,108.75928551621121,0.42737679400255685
Draymond Green,2.4054054054054053,103.97628521348454,0.04205122473197564,98.82153521268685,0.453722621124511
JaMychal Green,0.5,103.37353709223032,0.03512906155495803,111.5116260130198,0.44680938015096794
Javonte Green,1.3333333333333333,115.29948367517615,0.008779864026895439,118.69465297956376,0.5597271590667018
Jeff Green,0.6,109.86770499103096,0.02702418500581103,101.64747717670846,0.43125422966044075
Blake Griffin,1.1818181818181819,112.48792151399614,0.032460321088395715,101.99007041443879,0.4559018426268112
Marko Guduric,1.375,112.36810029258841,0.019638147992945693,93.73051025092448,0.40189272031145146
Rui Hachimura,2.0,111.65695976788199,0.05921378626387779,110.60112957214282,0.5208133629915009
Devon Hall,3.0,119.51944369124743,0.0004540437619605876,85.5964813768589,0.41471887845762967
Tim Hardaway,3.4166666666666665,113.57009557521658,0.04358044420639061,120.43493852585537,0.4918863993574736
James Harden,1.4700854700854702,106.10985041031454,0.14962321329382838,121.22598400246524,0.5125776301282134
Maurice Harkless,1.3333333333333333,103.79891744579835,0.02452608261001643,108.60607617210614,0.4945039581511471
Jared Harper,0.0,118.63843688120552,-0.000219961282064884,0.0,0.0
Montrezl Harrell,1.2439024390243902,103.98782720217224,0.09360609694827234,122.14360650911884,0.6091879487135043
Gary Harris,1.95,118.45753337422778,0.03732808771598215,101.97409099461721,0.43972115988187715
Joe Harris,1.5483870967741935,112.08993752350028,0.0583154633995478,117.90136558759791,0.4802000185433663
Tobias Harris,1.5,108.68929793640939,0.08709732484486711,107.63671867642917,0.49347803948696645
Shaquille Harrison,3.1666666666666665,105.31824490784211,0.010583777650281992,104.8190219045095,0.49428088424593264
Josh Hart,1.1904761904761905,105.74432159268389,0.03803941726381149,110.74243034055041,0.45313103505605645
Isaiah Hartenstein,0.6666666666666666,106.29727040572729,0.007266469519788578,132.74520324370965,0.6305362942325168
Udonis Haslem,0.0,111.71545700275237,0.0008923025280897243,190.51099920915235,0.9525549960457615
Jaxson Hayes,0.7777777777777778,104.93744586407641,0.03464304072239975,126.20348616275868,0.6252542613995955
Gordon Hayward,2.176470588235294,114.4848115110263,0.04116273913908121,121.28608407319821,0.5496904391002613
John Henson,1.0,103.04511452784938,0.005335092720918827,96.92894873799044,0.4882394259549151
Dewan Hernandez,0.0,90.77622625036658,0.0002202195491661235,80.18090520074098,0.3562139046886522
Juan Hernangómez,1.2222222222222223,120.19347228819915,0.009866978600084455,94.75163107612262,0.39338400978285165
Willy Hernangómez,0.4,106.89455107936084,0.004322908800767391,95.3052281003393,0.4456798654218005
Tyler Herro,1.0,113.12259828369528,0.05364968950139465,101.93179946352811,0.43327639367944426
Mario Hezonja,1.105263157894737,106.14846225323497,0.01934451279579034,94.11417835078399,0.41479957423127234
Buddy Hield,1.0508474576271187,115.63692680058168,0.07253224421338857,103.55626774123414,0.42516373191722323
George Hill,3.8333333333333335,107.56018895530309,0.04567022177787717,140.76300019102723,0.593871643325314
Solomon Hill,2.1052631578947367,108.71615172933785,0.03002809838456232,104.87460691990954,0.44254506352350687
Jaylen Hoard,4.0,98.39135651619954,0.0016968870873500298,141.09816498611775,0.699744138789306
Aaron Holiday,2.033333333333333,110.56824404499481,0.032041944403670954,98.6553994530449,0.4139525713039094
Jrue Holiday,2.056338028169014,105.85258613422118,0.08094697423697982,104.13418478407132,0.4709228764387781
Justin Holiday,2.533333333333333,108.32268228087376,0.04129116546864814,113.27377319812986,0.45755311921263564
Rondae Hollis-Jefferson,1.15,110.71429086709001,0.031161066207006472,117.54643363427061,0.5641915776107356
Richaun Holmes,1.1428571428571428,109.30673833382592,0.07833009081445877,137.5963790658367,0.6654736514701246
Rodney Hood,1.6842105263157894,109.89664159805567,0.043440309436160764,121.24359456793262,0.5162626276536085
Al Horford,3.625,107.57318131799458,0.0734244444304071,118.819321628591,0.5332201345239915
Talen Horton-Tucker,2.0,117.54034256490272,0.0,57.18935381370589,0.25341682133043936
Danuel House,1.5,108.15657169953995,0.038424210036457775,126.07522536776635,0.5027052347729127
Dwight Howard,0.6923076923076923,104.42244670375682,0.03855480370649477,127.29536122933092,0.6375119830601255
Kevin Huerter,2.1176470588235294,110.48598201690922,0.022101414875332962,109.73505802733906,0.4514181752546646
De'Andre Hunter,1.0512820512820513,112.74984366217517,0.036835691458888264,96.60673104304318,0.41610074223291155
Chandler Hutchison,0.6666666666666666,106.5725224923475,0.012212051134940761,98.99645093911917,0.46722082927696307
Serge Ibaka,0.5172413793103449,108.46046086054369,0.02862854139159605,99.16629779896246,0.4515224577465471
Ersan İlyasova,2.1666666666666665,104.4257880991869,0.033343303510397035,128.81167796703744,0.5702717781956097
Joe Ingles,2.3658536585365852,109.18686860459583,0.04330798879136384,99.92139165424476,0.4125518858990373
Brandon Ingram,1.3620689655172413,106.38897959285256,0.09385320509434444,114.37178657564418,0.5090780609079416
Kyrie Irving,3.0384615384615383,109.69963327937995,0.05876752125535825,116.93340845188995,0.5093239835495736
Jonathan Isaac,0.8823529411764706,107.10632750341449,0.0612646814506978,103.21880439252507,0.4660336022080862
Wesley Iwundu,2.25,114.87048788770913,0.00730999040036735,94.84445533703132,0.4426129797477155
Frank Jackson,1.0476190476190477,110.08979997136079,0.014038356371168527,95.02377947990107,0.40881697962624014
Jaren Jackson,0.7380952380952381,109.83346366234002,0.04589846216955913,104.47395749278067,0.4549847486343708
Justin Jackson,2.25,112.34960437116278,0.024341272495764517,118.68115065841035,0.4989423399265309
Reggie Jackson,8.0,115.31507089517778,0.0027791370794859336,112.60874587803909,0.49264327190137935
Justin James,1.8,112.7092317494808,0.006626110401223099,87.45172822014457,0.40518712452118744
LeBron James,2.9101123595505616,108.00952715561482,0.13779964882698667,117.2064735159161,0.5355689810380208
Amile Jefferson,2.0,118.2064426405129,0.0018565054985059935,157.03177432131565,0.7533746160545857
DaQuan Jeffries,2.0,122.57519293193442,0.0005916170001092053,213.0562345507929,1.0
Ty Jerome,2.0,101.86401881156584,0.003959303077167912,88.56977357480731,0.3636329532588108
Alize Johnson,2.0,113.23486249316042,0.002642634589993482,120.2201385913882,0.5814334837245521
B.J. Johnson,0.0,123.2895440795608,0.0,0.0,0.0
Cameron Johnson,1.2857142857142858,111.34243845882294,0.031014540771148645,115.07577424523619,0.45283008465478786
James Johnson,1.0,109.55547376848322,0.0037922857443813264,93.35166142825504,0.42693753891249664
Keldon Johnson,0.0,118.91918384193568,-0.00022154352520862403,0.0,0.0
Stanley Johnson,0.0,106.03565049446811,-0.000440439098332247,60.37387509192944,0.259549039392572
Tyler Johnson,2.1578947368421053,113.26208370693423,0.019026650898612465,101.05379895313918,0.4348952566090384
Nikola Jokić,2.3703703703703702,111.92028677164446,0.09332021928995536,107.40461735448888,0.4961447738483245
Damian Jones,1.1333333333333333,108.98927032634002,0.03445919523573418,136.72587837341246,0.6698052676997668
Derrick Jones,1.1666666666666667,109.83043877391006,0.006357655512639284,103.24242379825249,0.48707709990299164
Tyus Jones,3.7333333333333334,111.61015059639965,0.03619356345211503,98.05827292383695,0.45305728635325
DeAndre Jordan,1.9523809523809523,103.82580298255623,0.06306207088555751,137.2596958821653,0.6657948776858239
Cory Joseph,3.033333333333333,115.21398051141006,0.03171067120585341,98.34105134549404,0.4322018147835451
Mfiondu Kabengele,1.0,104.9415161966468,0.002998822327862271,112.311994873738,0.4429246133435798
Frank Kaminsky,2.0833333333333335,110.31245478992876,0.044322198336074134,107.66138405259605,0.4855936307255117
Enes Kanter,1.4166666666666667,111.53400826520526,0.0304444635737803,127.33745379663196,0.6228186910324722
Luke Kennard,2.909090909090909,113.70999649441355,0.06858910312171285,118.88615214820994,0.49576236089799974
Stanton Kidd,0.5,111.29006730144461,-0.0009239037608824286,12.353031941054473,0.05337075316449856
Michael Kidd-Gilchrist,1.5,111.33806037397586,0.0006825645474895883,86.04748691116463,0.3602542528914731
Maxi Kleber,1.4666666666666666,111.33492607910283,0.03815946212218104,121.34227053241524,0.49814116302921185
Brandon Knight,2.5,113.98814984100959,0.005213840613625217,97.26534386169459,0.38523886520895423
Kevin Knox,1.625,115.12672705299828,0.028210055895414216,104.55974405913898,0.4448441695321732
John Konchar,0.0,118.83193264449937,0.0,0.0,0.0
Furkan Korkmaz,1.1666666666666667,113.05032523668393,0.02659213749898907,103.94244409831907,0.42299095754877103
Luke Kornet,2.0,107.34762380519554,0.005698957196305688,92.84983009871563,0.39577589905226807
Kyle Korver,0.8823529411764706,108.25955248513723,0.012326918267480119,99.40190007414257,0.37080028799198794
Rodions Kurucs,0.08333333333333333,107.4270929756732,0.0005650723197630602,66.96277569973407,0.30160502378249626
Kyle Kuzma,0.4857142857142857,111.50480964037445,0.025980325947772755,95.06328584574385,0.41269180373447567
Skal Labissière,1.0833333333333333,105.60687841631089,0.03258023207712056,118.43368127036098,0.5677904093898382
Jeremy Lamb,1.8571428571428572,109.14528843784905,0.045145007579055305,109.82859676052459,0.5014003173067775
Romeo Langford,0.0,139.82029455721116,0.0,0.0,0.0
Zach LaVine,1.1764705882352942,108.32810114934414,0.08548435794458535,103.91430145118213,0.44849157279393637
Jake Layman,0.6111111111111112,110.23156139017588,0.019389711629334925,100.31748266363846,0.4402726973804311
T.J. Leaf,1.0,105.44601783664774,0.015085039117879458,108.60865241488267,0.5010354526402605
Courtney Lee,3.0,115.27190745116587,0.005314688317852515,140.3914551342825,0.556324846719356
Damion Lee,1.5384615384615385,109.15332540231344,0.019001756630224284,105.47657169741515,0.46211922418464985
Alex Len,0.9523809523809523,106.85623181386397,0.03600391778078434,110.3240598608531,0.5316466417537917
Kawhi Leonard,1.540983606557377,100.25073775618911,0.08685874671058219,109.01368243380387,0.4956458642925866
Meyers Leonard,1.1666666666666667,110.5283296070546,0.03390749606740951,117.36553339070699,0.5010037662520542
Caris LeVert,1.1612903225806452,111.9487716069758,0.020455617975422776,93.0610410267794,0.4267190055215419
Damian Lillard,2.5873015873015874,109.18653281902613,0.11821646708538545,122.69871678261138,0.5240312324311499
Nassir Little,0.8888888888888888,107.06774291536965,0.011991335417273546,102.76062891547215,0.4806873009893417
Kevon Looney,0.5,107.91237694515469,0.0012368007274110484,86.54691452322548,0.40722661370888485
Brook Lopez,1.3636363636363635,101.48991683111927,0.04203277048583384,107.16798986921187,0.4479371999285013
Robin Lopez,0.5862068965517241,106.7967386834288,0.013943563286166033,98.18157742638529,0.4411622539507997
Kevin Love,0.9615384615384616,108.36662650669483,0.08330019771070984,107.85259777082399,0.4567152054247248
Kyle Lowry,2.1842105263157894,112.75220533855115,0.04800786171821491,116.73748673185979,0.4827603071885809
Timothé Luwawu-Cabarrot,0.0,118.01938825824044,-0.0004520578558104481,41.3472127599404,0.24808327655964243
Trey Lyles,1.6111111111111112,107.97716799896052,0.03622236637161004,109.91563398143312,0.47032595826188256
Daryl Macon,0.5,120.00031966162172,-0.00022307563202243107,64.76386019177451,0.22850863837611268
Josh Magette,0.6666666666666666,94.55308118089614,0.0008122211555963725,65.6616004979126,0.32811350254175553
Ian Mahinmi,0.6666666666666666,107.24077026215097,0.002899356766216239,122.97954371728413,0.6026951165546455
Thon Maker,0.8181818181818182,108.46971239993388,0.010227224452508236,110.35840789451963,0.5193020697708569
Terance Mann,1.8333333333333333,105.74838821462453,0.009103567781010463,104.4660163606118,0.48302553021410316
Boban Marjanović,0.7777777777777778,106.83536342326,0.016581827551699842,116.51390230726562,0.5611083798761274
Lauri Markkanen,0.8541666666666666,107.17210062775382,0.06571246563087173,101.33718408841575,0.4339182429321511
Caleb Martin,1.0,105.1792063048495,0.00034128227374479413,65.31200906792714,0.32583144302974654
Cody Martin,2.5714285714285716,105.56983136076627,0.011717358065237927,103.21750939214456,0.4959609668061519
Kelan Martin,0.75,110.59275197785027,0.0025928102760157173,80.53819011056201,0.3458635234846958
Frank Mason,4.0,113.54315529035338,0.00020208062733573963,107.6625336144843,0.4424977582685444
Garrison Mathews,2.0,116.75435378038715,-0.0006690823306652858,37.958488687339106,0.16585618715353445
Wesley Matthews,1.894736842105263,109.15889873354115,0.03293914225572556,116.09422125249027,0.4653066373454797
Patrick McCaw,1.0,108.78866279147911,0.002202195491661235,104.78994883596789,0.46772403863259737
CJ McCollum,1.9565217391304348,109.44230253732835,0.08111120277533139,108.34092811058756,0.47552891648221945
T.J. McConnell,3.3125,110.57146116128014,0.04052039704656671,106.99763059024254,0.5086008009540642
Jalen McDaniels,0.0,117.26528511936509,0.00034128227374479413,118.57093995974753,0.569100474996983
Doug McDermott,1.4,113.6203129555409,0.033803700796999944,112.7317012108121,0.4587060871175155
JaVale McGee,0.8333333333333334,102.50393112046045,0.04385479019984041,123.10594189852364,0.6039801139145378
Rodney McGruder,1.7142857142857142,108.30660430815853,0.007068652629961069,102.21804636430772,0.4328826175798842
Alfonzo McKinnie,0.375,111.45914852225874,0.006183857471974095,89.73884860729704,0.38613609666733717
Jordan McLaughlin,2.0,112.75687386226558,0.0016909632234885113,79.51166665651472,0.34604826433348107
Ben McLemore,1.263157894736842,109.96722498969848,0.0315981326087776,113.86031520244892,0.43449436647162953
Jordan McRae,2.5714285714285716,110.74280005942047,0.022637285520842168,114.0017038081647,0.4971079978262042
Nicolò Melli,1.411764705882353,106.78809607349125,0.021057534556752786,110.01408247680341,0.45590563589437894
De'Anthony Melton,2.0,103.76949475797468,0.018039694086543143,100.88811456889103,0.45341121380868116
Chimezie Metu,4.0,107.6726433174409,0.004320098741568169,137.84261654222348,0.6828560475153836
Khris Middleton,1.9,106.07531592206503,0.05446072906698182,118.18188443203165,0.51067397192426
C.J. Miles,3.0,109.50220475776175,0.007805960524428335,102.26139397089493,0.4301186490380205
Malcolm Miller,2.0,113.79081660753852,0.002422415040827358,108.91064786082433,0.42133734909044074
Patty Mills,2.2083333333333335,112.5329887128915,0.04187172626442994,115.78868106482136,0.4803419584528255
Paul Millsap,1.0769230769230769,115.02822244929439,0.055635493793247275,118.18658489827477,0.5245514265771994
Shake Milton,0.5833333333333334,113.97048271362141,0.00010766047570440924,75.86218842202733,0.33552463713378167
Donovan Mitchell,1.5087719298245614,109.61675524590294,0.0936607437594562,105.8105348342042,0.4725596535264409
Naz Mitrou-Long,3.5,110.18364254868114,0.0034134030120749137,95.12054591988954,0.41222433204402464
Malik Monk,1.5,111.22400166690558,0.03742728935401241,102.22967605507684,0.45014742055268303
E'Twaun Moore,2.090909090909091,109.47355064632619,0.023095360481599835,106.38715835286632,0.464391097862856
Ja Morant,1.9333333333333333,110.90997904054608,0.06313892930290099,105.69618979535078,0.49086808615958766
Juwan Morgan,0.0,110.92573308380149,0.0,0.0,0.0
Marcus Morris,0.7297297297297297,113.919432600819,0.06739778060080863,111.56407618957842,0.468297964747126
Markieff Morris,0.9210526315789473,110.36245612563545,0.03735160234829095,102.73574161676162,0.4392506038598334
Monte Morris,4.733333333333333,119.11664908338707,0.035069381771384515,109.19454604256796,0.501520127364937
Johnathan Motley,1.0,106.67028004681086,0.0003213023922709576,89.0876514083532,0.3344690535843093
Emmanuel Mudiay,1.3513513513513513,110.41023205403326,0.025638329364487393,96.6475434937018,0.4435339218273947
Dejounte Murray,1.8,104.1753244604769,0.04984729317194041,101.39043073295589,0.48168185437569533
Jamal Murray,2.0833333333333335,116.23169309219065,0.07643936433559402,104.84060407786254,0.4649233820651204
Džanan Musa,1.0909090909090908,110.6807573904995,0.012996663354550384,85.41028367098686,0.38498675825750633
Mike Muscala,2.3333333333333335,111.80466747343634,0.008967364298721605,96.0356568026581,0.38249500238250417
Sviatoslav Mykhailiuk,1.4705882352941178,113.92881466806654,0.016341326027377288,108.51785905358214,0.4100342094999241
Abdel Nader,0.5625,114.51957033748157,0.016232064490091007,108.19324223160491,0.4611326243800948
Larry Nance,1.4090909090909092,109.67964070227536,0.060989809968685686,119.4481388432017,0.5297895156632002
Shabazz Napier,1.8,107.1520961472324,0.018262402813675926,102.12717455027314,0.4355835402257545
Raul Neto,1.8888888888888888,111.5532221507919,0.019486546102498076,107.41280896231527,0.46256310337488793
Georges Niang,0.9,111.90965155890656,0.01039391730992732,104.62480913672451,0.43436973861362604
Nerlens Noel,1.4782608695652173,103.81114462644243,0.04653948560096024,128.05170125154206,0.6189101180922869
Zach Norvell,0.0,112.24580422851511,0.0,0.0,0.0
Jaylen Nowell,3.0,115.67928356192888,0.00045092352626360295,83.87632113864085,0.37995483132809854
Frank Ntilikina,2.9583333333333335,113.72696994214517,0.028848292454134002,102.07581135806262,0.4408248796810237
Kendrick Nunn,1.5918367346938775,113.403139941878,0.0497458659410021,100.73365457575017,0.436175915154964
David Nwaba,0.8333333333333334,108.17268491451884,0.01152747532316643,119.46399355403824,0.5462973634884566
Royce O'Neale,2.9523809523809526,109.06675292424093,0.041922133150040196,118.51069775340535,0.47831668905393304
Kyle O'Quinn,1.3333333333333333,104.74217092233326,0.014103522317277609,105.77640612752485,0.4819165422999314
Semi Ojeleye,1.6,116.9283322353031,0.012542662895564913,112.51270570903787,0.46582385148747985
Jahlil Okafor,0.84,105.70376059487539,0.026038886817490007,116.83391638402588,0.5689954740347927
Elie Okobo,9.5,113.12710547548525,0.014517444616282347,120.51917781206262,0.5279632282114972
Josh Okogie,1.096774193548387,108.25769161968407,0.03832849973240625,111.53783935418559,0.5037271185751684
KZ Okpala,0.0,110.6878313290104,0.0,0.0,0.0
Kelly Olynyk,0.96875,109.5344000047371,0.04160360537218338,111.5790901456269,0.4563459131273089
Miye Oni,0.0,113.73938815731893,0.0,0.0,0.0
Cedi Osman,1.6206896551724137,113.1620177402325,0.03964943908501037,103.09286285066808,0.4380355396430314
Kelly Oubre,0.918918918918919,108.30859319265878,0.06279894602952439,107.35911910074361,0.4863763169341863
Jabari Parker,0.9555555555555556,107.08135002791431,0.06986898896072999,106.82463096683385,0.49815245402055747
Chandler Parsons,2.0,103.90958827347534,0.0020200217896809694,95.877857352622,0.3618463643925848
Eric Paschall,1.025,111.25451050882975,0.06836134929690157,112.43621817887382,0.5283272669334633
Patrick Patterson,2.4285714285714284,107.67943487484767,0.020991756295035902,119.23956381784042,0.4553866776263444
Justin Patton,0.0,113.28967328279452,-0.0006810656429408813,48.78939245071731,0.24394696225358647
Chris Paul,3.4615384615384617,111.07037915186812,0.08694938041545253,119.85592735329212,0.5266949653838577
Elfrid Payton,2.0,108.05862393800795,0.012509436550907662,100.89828369214632,0.4336353337830025
Norvel Pelle,1.0,99.32623292075941,0.0025838514169058222,121.4631040117593,0.6055333690445235
Theo Pinson,1.6,110.46889879049935,0.006215795517393662,78.65009808987782,0.33870701711625145
Mason Plumlee,1.5,109.46635551131848,0.03994343144130575,110.43566300644474,0.547561321347104
Vincent Poirier,1.0,110.46475861669184,0.0025085325791129823,108.6962455950741,0.5231093776359188
Jakob Pöltl,1.6666666666666667,105.13852931960307,0.04364407446609894,121.93891177239368,0.6004755497847306
Shamorie Ponds,4.0,108.02657042808735,0.0007707684220814319,121.06381258151231,0.5819626478841841
Jordan Poole,1.6896551724137931,110.70819899476552,0.013042625852698326,81.02255213451377,0.3401683677671883
Kevin Porter,1.2,111.39877602497978,0.024856681995189988,91.3862669289809,0.4166472007902512
Michael Porter,0.625,117.87914432019669,0.007964910436212754,99.72175283080578,0.45537621598548805
Otto Porter,2.0,108.55143756619917,0.016631650593300275,112.06757165005352,0.4758875056551932
Bobby Portis,1.1904761904761905,112.41184669151285,0.043400085992944946,100.29940643799777,0.44590721563407754
Kristaps Porziņģis,0.8571428571428571,105.97557380963947,0.05920562786087701,101.65977151439456,0.4499236964579817
Dwight Powell,1.3157894736842106,110.6901363667927,0.03539582419689775,131.32267076506693,0.6301945640534857
Norman Powell,1.0285714285714285,111.64446640893512,0.052852691799869636,108.00815766189213,0.46822612259057694
Julius Randle,1.0675675675675675,113.85673309075955,0.07365249887626246,99.23110307654098,0.4727033698117366
Cam Reddish,0.9142857142857143,110.20953712476725,0.01924961940754806,81.3863795184865,0.359697977007351
J.J. Redick,1.5666666666666667,110.5383786507767,0.058078038858140765,119.16896458290445,0.46569051760960806
Naz Reid,0.0,110.23504213236299,0.00045092352626360295,139.27016934344837,0.46423389781149466
Josh Richardson,1.5675675675675675,110.43664213459182,0.0396190550592226,106.64074717959006,0.46682571972486714
Austin Rivers,2.2666666666666666,111.52226214337084,0.02675381959558521,112.37035129075817,0.47229207591098404
Duncan Robinson,1.0625,112.50913392936766,0.039819000316003925,117.72681665580862,0.43682634483445104
Glenn Robinson,1.9545454545454546,109.93719378499519,0.05678039703114356,110.53419532221177,0.49203811468605035
Jerome Robinson,1.2666666666666666,105.49952041705801,0.006533148642842804,82.23502822210705,0.3575651284852984
Justin Robinson,1.0,115.01936991530887,0.0010036234959979286,87.63755374516255,0.36171156419696215
Mitchell Robinson,0.75,107.42752428400053,0.04697421072177571,134.5702162456254,0.670253117122363
Rajon Rondo,3.1666666666666665,107.72403876350877,0.0325273680866115,115.16648574643192,0.4904619129204231
Derrick Rose,2.3404255319148937,111.96222487377399,0.059028871568281224,110.34125334570163,0.5077887108166883
Terrence Ross,0.84,114.84277524078169,0.04130724734175836,104.19016589580622,0.43933744409534015
Terry Rozier,1.4788732394366197,109.87089437344599,0.07678851159257866,106.60766100019349,0.44633180084379426
Ricky Rubio,4.882352941176471,109.75824910497991,0.06092927513197287,112.36187614512912,0.4989157061489387
D'Angelo Russell,1.8837209302325582,110.42487144316371,0.047560609790443034,105.29174739396053,0.4626492640246684
Domantas Sabonis,1.3442622950819672,106.38447069048702,0.09887857757558942,111.82570990277388,0.5381242888788431
JaKarr Sampson,0.6666666666666666,109.38828948926205,0.006716696249566766,105.39429291018416,0.5091771306480414
Dario Šarić,1.5161290322580645,108.49137643909545,0.05664003013170764,110.98155733877057,0.4724049966433109
Tomáš Satoranský,2.6666666666666665,107.93038122937566,0.062339613412649986,112.11199692504233,0.48305187719502246
Admiral Schofield,0.3333333333333333,115.56185380508592,0.0040144939839917146,129.43019835352385,0.5140920306857708
Dennis Schröder,1.35,114.20249499413785,0.060501331281248294,100.17907490127064,0.4514717934184615
Mike Scott,1.8,112.10337123276632,0.026484477023284676,112.73586487857185,0.4676993727935739
Thabo Sefolosha,2.5,105.74877495983016,0.010899704279682865,102.11456975156503,0.4170260341646406
Collin Sexton,1.3095238095238095,115.62692447446491,0.05529096092588602,101.54249094677665,0.4690250646220204
Landry Shamet,1.4166666666666667,109.99545655461355,0.008032559806773937,107.04534576546014,0.40854316777815664
Iman Shumpert,1.2,108.71538326484524,0.007119911229014557,86.16413477723529,0.3749317676070459
Pascal Siakam,1.3015873015873016,110.7344230120968,0.10019989487058616,107.14458551013264,0.479222321173487
Chris Silva,0.52,106.65486995622544,0.014499916081458016,117.69805097486082,0.5667411368448526
Ben Simmons,2.2142857142857144,105.45164948245541,0.08634370151493623,110.31450491438105,0.5344815322776543
Anfernee Simons,1.5,111.2050080138889,0.028507703067480503,104.83160226021151,0.45276932383010826
Marcus Smart,3.64,116.07462918441912,0.04766211900314667,111.86851699241042,0.46237960642962145
Dennis Smith,1.7692307692307692,116.68659502734859,0.006382365587197789,84.2647579209497,0.3838636891499246
Ish Smith,3.5185185185185186,112.24033664316197,0.04482851615457413,108.03639844794968,0.4843185928103732
Tony Snell,2.9,114.75995351581402,0.02545689564809115,122.34002869894464,0.4695394769697612
Omari Spellman,0.7058823529411765,105.63280403875684,0.04250097045103419,106.60783917460121,0.47451682448708865
Max Strus,0.0,115.86340634924063,0.0008141367423293844,153.37913769582283,0.7166001498034601
Edmond Sumner,8.0,108.61468659564297,0.0033032932374918523,112.22734482299862,0.5563849091287484
Caleb Swanigan,0.0,92.23355393685927,0.0001183234000218411,56.86535820883975,0.2934541663415214
Jayson Tatum,1.2653061224489797,112.2341681925741,0.08209742986187941,103.05384131312286,0.4505247708710478
Jeff Teague,3.0,111.47029786792609,0.055801786375120864,116.74592120449654,0.5219934714864247
Garrett Temple,2.12,110.18543877498469,0.043284539693850405,110.66354318200854,0.4435422069022337
Daniel Theis,1.5294117647058822,109.45181118156238,0.035119456107581756,115.56548657074941,0.5474896668815041
Isaiah Thomas,2.324324324324324,114.64434497060559,0.035572877247037685,105.87021390505429,0.4492960441888675
Khyri Thomas,0.0,118.62005510796475,0.0,122.8559728062715,0.737135836837629
Matt Thomas,1.0,114.09760005800038,0.009359330839560248,126.21174622913436,0.4883794800449963
Tristan Thompson,1.4444444444444444,109.84674943188055,0.07760134866791019,113.1591990607797,0.5544987998870807
Matisse Thybulle,1.25,104.13834340422895,0.015503108501434932,101.5060814134137,0.4167710155522355
Anthony Tolliver,1.0,108.96588344978463,0.010181322524100178,92.65947936808676,0.36498484141123294
Karl-Anthony Towns,1.532258064516129,104.45277912282218,0.127160434406336,124.41614364601502,0.5370275708412121
Gary Trent,2.5,109.69625142587822,0.007353177378516797,125.72678976937951,0.4722146140201643
Allonzo Trier,0.875,116.16973218069447,0.013275320421371398,116.65258095808626,0.4949670444393033
P.J. Tucker,1.434782608695652,107.31331428503563,0.056370187789875036,128.4239902000934,0.5207566768054278
Evan Turner,1.6,108.61134406193251,0.012951904416189744,89.19052350024826,0.42464081953987587
Myles Turner,0.7037037037037037,107.04313593197709,0.03028018801034198,100.45576604313267,0.44101420995798063
Jonas Valančiūnas,0.8541666666666666,106.50644943766859,0.07444228192674766,112.93940369471659,0.5330682641664725
Denzel Valentine,3.6666666666666665,107.5716490393043,0.014189240366312125,123.06262406914315,0.4699325837296337
Jarred Vanderbilt,1.0,118.93933481710519,0.0004755170409679254,43.171153279883306,0.19042802432745629
Fred VanVleet,2.980769230769231,110.8879260413663,0.08357331890854386,114.51691838888074,0.48055494644075125
Noah Vonleh,1.2307692307692308,108.6272422240175,0.014542283722001195,110.6616804811461,0.5171353059301719
Nikola Vučević,2.45,110.12113210729137,0.06428150288577003,111.76407136238326,0.5113396200826006
Dean Wade,0.0,111.09116605277227,0.00048500842917443876,147.7197512215776,0.4923991707385919
Moritz Wagner,0.5813953488372093,106.0648660471334,0.04382489265857621,113.29194813874429,0.507650931186528
Kemba Walker,2.3260869565217392,116.1949020989737,0.08586022873054891,115.5867340723523,0.4770431540233914
Lonnie Walker,1.1428571428571428,110.96672348368611,0.0077540233823018435,94.91489816047996,0.4421134177545999
Tyrone Wallace,1.3,110.02493428786066,0.0038023939570465304,79.86208743747198,0.39009153584718237
Taurean Waller-Prince,1.0625,109.09639357568375,0.05379488484144333,100.242533040574,0.4062607731901201
Derrick Walton,5.0,108.93197898275545,0.003213023922709576,143.89160255133527,0.5888051921600109
Brad Wanamaker,2.423076923076923,115.74242610522256,0.034663359275015765,117.59942756352518,0.5251768707622044
T.J. Warren,0.7272727272727273,111.37426711336502,0.06320301061067744,110.96881539275473,0.5117987434287922
PJ Washington,1.4193548387096775,107.2324450737977,0.06029320169491363,114.0712695081371,0.5093754567262664
Yuta Watanabe,0.0,107.9742785568868,0.0014842786273738025,128.67497884362825,0.551464195044121
Tremont Waters,1.5,108.68930297554972,0.0011402420814149922,86.76107053392177,0.3532896940138483
Russell Westbrook,1.6354166666666667,105.49581739755563,0.08059175285583697,101.71651485786283,0.468214437557277
Coby White,1.6486486486486487,109.80242524539466,0.04454491033030774,94.97445444260111,0.3957742249758653
Derrick White,2.3461538461538463,112.73286695009027,0.0332315287812936,112.27795375820303,0.5047898491201719
Hassan Whiteside,0.6666666666666666,101.13768574785935,0.08982188982372824,122.955827312995,0.5985315234692812
Andrew Wiggins,1.7297297297297298,110.41571349071893,0.07135864803121518,109.30896149601409,0.4985556645125518
Grant Williams,1.125,115.18364950450265,0.002622556787254482,77.24552956753588,0.3589887307226578
Kenrich Williams,2.176470588235294,105.39753012253446,0.03260521479755271,110.58284318088714,0.47253036849628965
Lou Williams,2.0,108.89706519961,0.07796938052441904,108.69464800820461,0.48472800134392735
Marvin Williams,1.4375,109.17698622798,0.03765481086984228,123.38729795005207,0.5095013807559978
Robert Williams,1.3125,104.13047418859875,0.028734100451657803,120.74310426683085,0.5857535364094171
Nigel Williams-Goss,2.0,112.87943292800256,-0.00023097594022060714,57.63799666745343,0.2409170347637218
D.J. Wilson,1.5,109.33007325019179,0.010002991053119113,115.5504260260952,0.4790878477849717
Justise Winslow,1.8695652173913044,112.5722592324522,0.020746033778086082,94.17457894799344,0.44132094436549335
Christian Wood,0.5714285714285714,106.55642847694948,0.04580017906992819,124.7206439586936,0.5837810081568429
Delon Wright,4.933333333333334,108.38107277479476,0.046556669664388026,127.21974671566828,0.5689442624193006
Thaddeus Young,0.9736842105263158,107.65885236906098,0.03314699593769636,95.47330557509231,0.42190160575124386
Trae Young,1.712962962962963,111.65129170933568,0.12583547501600864,112.18994600887706,0.48682728588519747
Cody Zeller,0.7714285714285715,107.78928427010663,0.05358131697793266,113.46068356996464,0.5338465293230804
Ante Žižić,0.0,111.81114550302738,0.006668865901148533,116.87504263813514,0.5687517637699941
Ivica Zubac,1.0454545454545454,102.04461906549868,0.05172968515562418,131.28194479605094,0.6291610379370786
